Subject,Number,Name,Description,Credit Hours,Instructors
CS,100,Computer Science Orientation,Introduction to Computer Science as a field and career for incoming first year and external transfer students in the computer science majors. Overview of the field and specific examples of problem areas and methods of solution.,1 hours.,"Fleck, M;Gunter, E;Pitt, L"
CS,101,Intro Computing: Engrg &amp; Sci,"Fundamental principles, concepts, and methods of computing, with emphasis on applications in the physical sciences and engineering. Basic problem solving and programming techniques; fundamental algorithms and data structures; use of computers in solving engineering and scientific problems. Intended for engineering and science majors. Prerequisite: One of MATH 220 or MATH 221 or MATH 231 or MATH 241.",3 hours.,"Agrawal, P;Aich, R;Asthana, P;Beckman, M;Chen, J;Chu, G;Davis, N;Du, X;Isaac, I;Jain, B;Kanjalkar, S;Kwan, R;Lin, S;Lunt, B;Meyers, S;Mukherjee, D;Osei-Owusu, J;Patel, A;Sharma, K;Tahboub, R;Xie, T;Yoder, C;Zhu, C"
CS,102,Little Bits to Big Ideas,Same as INFO 102. See INFO 102.,4 hours.,"Agarwal, R;Agarwala, D;Amanzadeh, M;Chen, S;Cunningham, R;Hopping, D;Hou, H;Jiang, M;Kadimisetty, A;Kashinath, A;Khurana, S;Koiliaris, K;Liu, Y;Markazi, D;Mathew, R;Padua, D;Sandur, A;Teng, D;Tsai, P;Wedell, E;Xiao, J"
CS,105,Intro Computing: Non-Tech,"Computing as an essential tool of academic and professional activities. Functions and interrelationships of computer system components: hardware, systems and applications software, and networks. Widely used application packages such as spreadsheets and databases. Concepts and practice of programming for the solution of simple problems in different application areas. Intended for non-science and non-engineering majors. Prerequisite: MATH 112.",3 hours.,"Chen, B;Dadu, A;Emeka, C;Fowler, M;Goyal, A;Guha, S;Haberman, M;Harris, A;Hellwig, M;Isenegger, K;Iyer, V;Kaempen, K;Krishnan, V;Kumar, A;Lewis, C;Ling, F;Liu, A;Schoening, M;Smith, D;Wauck, H;Xu, D;Xu, R;Yen, C;Zhou, A;Zilles, C"
CS,107,Data Science Discovery,Same as IS 107 and STAT 107. See STAT 107.,4 hours.,"Adhikari, A;Bazargani, S;Bhanushali, U;Bygari, R;Chakravarti, A;Das, T;Fagen-Ulmschneider, W;Flanagan, K;Gao, H;Kim, B;Kiv, D;Nguyen, H;Ojha, A;Qu, T;Sheng, P;Tang, T;Tonks, A;Tsiamalos, E;Wang, M;Xing, Y;Yang, Z;Yigit, H;Zhang, Z;Zhou, W"
CS,124,Introduction to Computer Science I,Basic concepts in computing and fundamental techniques for solving computational problems. Intended as a first course for computer science majors and others with a deep interest in computing. Credit is not given for both CS 124 and CS 125. Prerequisite: Three years of high school mathematics or MATH 112.,3 hours.,"Challen, G;Lewis, C"
CS,125,Intro to Computer Science,Basic concepts in computing and fundamental techniques for solving computational problems. Intended as a first course for computer science majors and others with a deep interest in computing. Prerequisite: Three years of high school mathematics or MATH 112.,4 hours.,"Angrave, L;Challen, G;Chapman, W;Dey, J;Do, H;Gao, M;Huynh, H;Krishna Kumaran, S;Seo, S;Tang, Z;Zhang, B"
CS,126,Software Design Studio,"Fundamental principles and techniques of software development. Design, documentation, testing, and debugging software, with a significant emphasis on code review. Credit is not given for both CS 242 and CS 126. Prerequisite: CS 125. For majors only.",3 hours.,"Angrave, L;Evans, G;Woodley, M;Zilles, C"
CS,128,Introduction to Computer Science II,Continuation of CS 124. More advanced concepts in computing and techniques and approaches for solving computational problems. Prerequisite: CS 124 or CS 125.,3 hours.,"Nowak, M"
CS,173,Discrete Structures,"Discrete mathematical structures frequently encountered in the study of Computer Science. Sets, propositions, Boolean algebra, induction, recursion, relations, functions, and graphs. Credit is not given for both CS 173 and MATH 213. Prerequisite: One of CS 124, CS 125, ECE 220; one of MATH 220, MATH 221.",3 hours.,"Agha, G;Balepur, N;Cosman, B;Cunningham, R;Delgosha, P;Ding, H;Evans, G;Fleck, M;Gertner, Y;Lin, P;Liu, Y;Meseguer, J;Morabia, K;Murhekar, A;Parthasarathy, M;Poulsen, S;Shah, D;Shi, W;Singhal, S;Skeirik, S;Varodayan, D;Viswanathan, M;Warnow, T;Yu, Y;Zhang, P;Zhang, W;Zhou, Q"
CS,196,Freshman Honors,Offered for honors credit in conjunction with other 100-level computer science courses taken concurrently. A special examination may be required for admission to this course. May be repeated. Prerequisite: Concurrent registration in another 100-level computer science course (see Schedule).,1 hours.,"Challen, G;Chapman, W;Cosman, B;Fleck, M;Lin, P;Parthasarathy, M;Viswanathan, M;Warnow, T"
CS,199,Undergraduate Open Seminar in Computer Science,Topics vary. Approved for Letter and S/U grading. May be repeated.,0 TO 5 hours.,"Amato, N;Angrave, L;Asplund, J;Beckman, M;Brunner, R;Challen, G;Chapman, W;Choi, H;Cosman, B;Davis, N;Evans, C;Fagen-Ulmschneider, W;Fowler, M;Francis, G;Heeren, C;Herman, G;Kumar, R;Lewis, C;Nowak, M;Olson, L;Parthasarathy, M;Pitt, L;Shaffer, E;Silva, M;Solomon, B;Viswanathan, M"
CS,210,Ethical &amp; Professional Issues,"Ethics for the computing profession. Ethical decision-making; licensing; intellectual property, freedom of information, and privacy. Credit is not given for both CS 210 and either CS 211 or ECE 316. Prerequisite: CS 225. Junior standing required.",2 hours.,"Agarwala, D;Asplund, J;Bullock, B;Cunningham, R;Ojha, V;Winter, G"
CS,211,Ethical and Professional Conduct,"Navigating the complex ethical and professional landscape of the computing professional: privacy, intellectual property, cybersecurity, and freedom of speech. Hands-on exercises, assignments, and discussions in which students analyze current events from perspectives in both philosophical and professional ethics. Writing professionally and technically in several writing assignments requiring peer review, workshops, and multiple rounds of editing and revising. Credit is not given for both CS 211 and CS 210 or ECE 316. Prerequisite: CS 225.",3 hours.,"Cunningham, R;Winter, G"
CS,222,Software Design Lab,"Design and implementation of novel software solutions. Problem identification and definition; idea generation and evaluation; and software implementation, testing, and deployment. Emphasizes software development best practices—including framework selection, code review, documentation, appropriate library usage, project management, continuous integration and testing, and teamwork. Prerequisite: CS 128; credit or concurrent registration in CS 225. Restricted to majors in Computer Science undergraduate curricula only.",1 hours.,"Woodley, M"
CS,225,Data Structures,"Data abstractions: elementary data structures (lists, stacks, queues, and trees) and their implementation using an object-oriented programming language. Solutions to a variety of computational problems such as search on graphs and trees. Elementary analysis of algorithms. Credit is not given for CS 277 if credit for CS 225 has been earned. Prerequisite: CS 126 or CS 128 or ECE 220; One of CS 173, CS 413, MATH 213, MATH 347, MATH 412, or MATH 413.",4 hours.,"Adhikari, R;Assefa, N;Athani, A;Azam, R;Bai, S;Basu, S;Beckman, A;Beckman, M;Bhagat, A;Chang, L;Chhabra, R;Cole, P;Evans, C;Evans, G;Fagen-Ulmschneider, W;Ge, Y;Heeren, C;Jiang, J;Kindratenko, V;Li, Y;Rajgopal, -;Roddur, M;Rodriguez, S;Saboo, Y;Shaffer, E;Solomon, B;Tong, X;Wu, H;Yershova, G;Zhang, Z;Zilles, C;Zyrianov, V"
CS,233,Computer Architecture,"Fundamentals of computer architecture: digital logic design, working up from the logic gate level to understand the function of a simple computer; machine-level programming to understand implementation of high-level languages; performance models of modern computer architectures to enable performance optimization of software; hardware primitives for parallelism and security. Prerequisite: CS 125 or CS 128; CS 173 or MATH 213; credit or concurrent enrollment in CS 225.",4 hours.,"Arun, A;Cao, E;Fong, M;Ghose, S;Hazlett, C;Herman, G;Lowder, C;Mahmood, M;Mahmood, S;Shen, R;Tran, H;Tu, B;Wang, S;Zilles, C"
CS,240,Introduction to Computer Systems,"Basics of computer systems. Number representations, assembly/machine language, abstract models of processors (fetch/execute, memory hierarchy), processes/process control, simple memory management, file I/O and directories, network programming, usage of cloud services. Prerequisite: CS 225.",3 hours.,"Fagen-Ulmschneider, W;Viswanathan, M"
CS,241,System Programming,"Basics of system programming, including POSIX processes, process control, inter-process communication, synchronization, signals, simple memory management, file I/O and directories, shell programming, socket network programming, RPC programming in distributed systems, basic security mechanisms, and standard tools for systems programming such as debugging tools. Credit is not given for both CS 241 and ECE 391. Prerequisite: CS 225 and CS 233.",4 hours.,"Angrave, L;Bhasin, R;Cheng, K;Ding, H;Evans, G;Foster, C;Green, A;Hu, V;Kandikuppa, A;Love, I;Mbarki, O;Meherwal, R;Michael, N;Sankaran, A;Tian, B;Zhao, B"
CS,242,Programming Studio,Intensive programming lab intended to strengthen skills in programming. Prerequisite: CS 241.,3 hours.,"Woodley, M"
CS,277,Algorithms and Data Structures for Data Science,"Introduction to elementary concepts in algorithms and classical data structures with a focus on their applications in Data Science. Topics include algorithm analysis (ex: Big-O notation), elementary data structures (ex: lists, stacks, queues, trees, and graphs), basics of discrete algorithm design principles (ex: greedy, divide and conquer, dynamic programming), and discussion of discrete and continuous optimization. Credit is not given for CS 277 if credit for CS 225 is earned. Prerequisite: STAT 207; one of MATH 220, MATH 221, MATH 234. CS 277 cannot be taken concurrently with CS 225.",4 hours.,"Solomon, B"
CS,296,Honors Course,Group projects for honors credit in computer science. Sections of this course are offered in conjunction with other 200-level computer science courses taken concurrently. A special examination may be required for admission to this course. May be repeated. Prerequisite: Concurrent registration in another 200-level computer science course (see Schedule).,1 hours.,"Angrave, L;Beckman, A;Beckman, M;Cosman, B;Evans, G;Fagen-Ulmschneider, W;Ghose, S;Heeren, C;Herman, G;Jiang, J;Lin, P;Padua, D;Shaffer, E;Solomon, B;Viswanathan, M;Zilles, C"
CS,307,Modeling and Learning in Data Science,"Introduction to the use of classical approaches in data modeling and machine learning in the context of solving data-centric problems. A broad coverage of fundamental models is presented, including linear models, unsupervised learning, supervised learning, and deep learning. A significant emphasis is placed on the application of the models in Python and the interpretability of the results. Prerequisite: STAT 207; one of MATH 225, MATH 257, MATH 415, MATH 416, ASRM 406.",4 hours.,"Li, B;Viswanathan, M"
CS,340,Introduction to Computer Systems,"Basics of computer systems. Number representations, assembly/machine language, abstract models of processors (fetch/execute, memory hierarchy), processes/process control, simple memory management, file I/O and directories, network programming, usage of cloud services. Credit is not given for both CS 340 and CS 240. Prerequisite: CS 225.",3 hours.,"Fagen-Ulmschneider, W"
CS,341,System Programming,"Basics of system programming, including POSIX processes, process control, inter-process communication, synchronization, signals, simple memory management, file I/O and directories, shell programming, socket network programming, RPC programming in distributed systems, basic security mechanisms, and standard tools for systems programming such as debugging tools. Credit is not given for both CS 341 and either CS 241 or ECE 391. Prerequisite: CS 225 and CS 233.",4 hours.,"Angrave, L"
CS,357,Numerical Methods I,"Fundamentals of numerical methods for students in science and engineering; floating-point computation, systems of linear equations, approximation of functions and integrals, the single nonlinear equation, and the numerical solution of ordinary differential equations; various applications in science and engineering; programming exercises and use of high quality mathematical library routines. Same as MATH 357. Credit is not given towards graduation for CS 357 if credit for CS 450 has been earned. (Counts for advanced hours in LAS). Prerequisite: One of CS 101, CS 105, CS 124, CS 125 or ECE 220; MATH 241; one of MATH 225, MATH 257, MATH 415, MATH 416, ASRM 406 or BIOE 210.",3 hours.,"Carrier, E;Kloeckner, A;Olson, L;Silva, M;Sohn, M;Solomonik, E;West, M"
CS,361,Probability &amp; Statistics for Computer Science,"Introduction to probability theory and statistics with applications to computer science. Topics include: visualizing datasets, summarizing data, basic descriptive statistics, conditional probability, independence, Bayes theorem, random variables, joint and conditional distributions, expectation, variance and covariance, central limit theorem. Markov inequality, Chebyshev inequality, law of large numbers, Markov chains, simulation, the PageRank algorithm, populations and sampling, sample mean, standard error, maximum likelihood estimation, Bayes estimation, hypothesis testing, confidence intervals, linear regression, principal component analysis, classification, and decision trees. Same as STAT 361. Credit is not given for both CS 361 and ECE 313. Prerequisite: MATH 220 or MATH 221; credit or concurrent registration in one of MATH 225, MATH 257, MATH 415, MATH 416 or ASRM 406. For majors only.",3 hours.,"Barber, R;Chen, J;Deng, Y;Jiang, E;Karan, A;Krishna Kumaran, S;Li, W;Liu, H;Pattanaik, A;Peng, J;Saleh, E;Sinha, S;Varodayan, D;Wang, Y;Xu, W"
CS,374,Introduction to Algorithms &amp; Models of Computation,"Analysis of algorithms, major paradigms of algorithm design including recursive algorithms, divide-and-conquer algorithms, dynamic programming, greedy algorithms, and graph algorithms. Formal models of computation including finite automata and Turing machines. Limitations of computation arising from fundamental notions of algorithm and from complexity-theoretic constraints. Reductions, undecidability and NP-completeness. Same as ECE 374. Prerequisite: One of CS 173, MATH 213; CS 225.",4 hours.,"Al-Hassanieh, H;Bajpai, T;Beideman, C;Boodaghians, S;Borisov, N;Chan, T;Chekuri, C;Cinkoske, M;Erickson, J;Feltes, P;Har-Peled, S;Huang, J;Kani, N;Khan, M;Khurana, D;Kolla, A;Kulkarni, P;Kulkarni, R;Kulkarni, S;Lim, J;Lin, P;Livanos, V;Lu, Y;Mehta, R;Miller, A;Robson, E;Shankar Narayanan, A;Shen, Z;Sie, E;Sun, I;Sun, M;Viswanathan, M;Yu, C;Zhou, T;Zhou, Z;Zhu, Z;Zuo, S"
CS,400,Accelerated Fundamentals of Computing I,"The first class in a sequence of two classes that introduces students to the basic concepts in computing with an emphasis on the fundamental techniques for solving computational problems. Topics include: core programming concepts (variables, data types, conditional expressions, loops, functions), basic data structures, searching and sorting algorithms, and data exploration and visualization. No prior programming experience is required. No undergraduate credit. 3 graduate hours. Prerequisite: Current enrollment in the Illinois Computing Accelerator for Non-specialists (iCAN) program or consent of instructor. Restricted to post-baccalaureate students with a non-computing background.",3 hours.,"Williams, T"
CS,401,Accelerated Fundamentals of Algorithms I,"The first class in a sequence of two classes that introduces students to the theoretical foundations of computer science. Topics include counting, sets, functions, decision trees, recursion, binary numbers, basic graph theory, depth first search and breadth first search, algorithms for computing shortest paths, data structures like stacks and queues, big O notation and asymptotic analysis, complexity classes like P and NP, and reductions. No undergraduate credit. 3 graduate hours. Prerequisite: Current enrollment in the Illinois Computing Accelerator for Non-specialists (iCAN) program or consent of instructor. Restricted to post- baccalaureate students with a non-computing background.",3 hours.,"Gertner, Y"
CS,402,Accelerated Fundamentals of Computing II,"Provides an accelerated introduction to class-based program design and the design of abstractions that support the design of reusable software and libraries. It reviews typical object-oriented concepts such as information hiding, encapsulation, polymorphism, inheritance, composition, and common design patterns. The course will also covers exception handling, database programming, and concurrent programming. No undergraduate credit. 3 graduate hours. Prerequisite: CS 400 or consent of instructor. Current enrollment in the Illinois Computing Accelerator for Non-specialists (iCAN) program or consent of instructor. Restricted to post-baccalaureate students with a non-computing background.",3 hours.,"Williams, T"
CS,403,Accelerated Fundamentals of Algorithms II,"The second class in a sequence of two classes that introduces students to the theoretical foundations of computer science. Topics include major paradigms of algorithm design divide and conquer, greedy, recursive, and dynamic programming; solving recurrences and analysis of divide and conquer algorithms; graph algorithms; formal models of computations like finite state automata and Turing machines; reductions. No undergraduate credit. 3 graduate hours. Prerequisite: CS 401 or consent of instructor. Current enrollment in the Illinois Computing Accelerator for Non-specialists (iCAN) program or consent of instructor. Restricted to post-baccalaureate students with a non-computing background.",3 hours.,"Gertner, Y"
CS,407,Cryptography,Same as ECE 407. See ECE 407.,3 OR 4 hours.,"Khurana, D"
CS,409,The Art of Web Programming,"Client- and server-side technologies that enable modern Web applications. Topics include the building blocks of the Web (browsers, HTML, CSS, JavaScript) and data exchange (HTTP, AJAX, JSON, REST). Assignments expose students to full-stack web development, and JavaScript frameworks that scaffold MVC architectures and event-driven, asynchronous programming. The course culminates in a final project, where students work in teams to design and develop an original, database-backed web application. 3 undergraduate hours. 3 or 4 graduate hours. Prerequisite: CS 225.",3 OR 4 hours.,"Kumar, R"
CS,410,Text Information Systems,"Theory, design, and implementation of text-based information systems. Text analysis, retrieval models (e.g., Boolean, vector space, probabilistic), text categorization, text filtering, clustering, retrieval system design and implementation, and applications to web information management. 3 undergraduate hours. 3 or 4 graduate hours. Prerequisite: CS 225.",3 OR 4 hours.,"Zhai, C"
CS,411,Database Systems,"Examination of the logical organization of databases: the entity-relationship model; the hierarchical, network, and relational data models and their languages. Functional dependencies and normal forms. Design, implementation, and optimization of query languages; security and integrity; concurrency control, and distributed database systems. 3 undergraduate hours. 3 or 4 graduate hours. Prerequisite: CS 225.",3 OR 4 hours.,"Adhikari, A;Alawini, A;Chang, K;Ge, V;Huang, S;Parameswaran, A;Park, Y"
CS,412,Introduction to Data Mining,"Concepts, techniques, and systems of data warehousing and data mining. Design and implementation of data warehouse and on-line analytical processing (OLAP) systems; data mining concepts, methods, systems, implementations, and applications. 3 undergraduate hours. 3 or 4 graduate hours. Prerequisite: CS 225.",3 OR 4 hours.,"Banerjee, A;Chang, K;Dev, H;Gui, H;Han, J;Li, Q;Narang, K;Norick, B;Sinha, S;Sundaram, H;Tong, H;Yang, J;Zhuang, H"
CS,413,Intro to Combinatorics,Same as MATH 413. See MATH 413.,3 OR 4 hours.,"English, S;Ford, K;Li, X;St Dizier, A;Yong, A"
CS,415,Game Development,"A team and project-based course on the technical aspects of video game development and game engine internals: geometric modeling, game physics and AI, shader programming, real-time physically based rendering, and software engineering practices within the game industry. The central focus of the course is the development of a game by teams of 3 to 5 students. The course strongly emphasizes code development using a modern game engine. Students will gain skills necessary to develop games and to develop game engines. 3 undergraduate hours. 4 graduate hours. Prerequisite: CS 225.",3 OR 4 hours.,"Shaffer, E;Tychonievich, L"
CS,418,Interactive Computer Graphics,"Basic mathematical tools and computational techniques for modeling, rendering, and animating 3-D scenes. Same as CSE 427. 3 undergraduate hours. 3 or 4 graduate hours. Prerequisite: CS 225; One of MATH 225, MATH 257, MATH 415, MATH 416, ASRM 406, or BIOE 210; MATH 241.",3 OR 4 hours.,"Hart, J;Pietrowicz, M;Shaffer, E;Tychonievich, L"
CS,419,Production Computer Graphics,"Advanced methods for representing, displaying, and rendering two-, three-, and four-dimensional scenes. General algebraic curves and surfaces, splines, Gaussian and bump-function representation, fractals, particle systems, constructive solid geometry methods, lighting models, radiosity, advanced ray-tracing methods, surface texturing animation techniques, data visualization methods. 3 undergraduate hours. 3 or 4 graduate hours. Prerequisite: CS 418.",3 OR 4 hours.,"Shaffer, E"
CS,420,Parallel Progrmg: Sci &amp; Engrg,"Fundamental issues in design and development of parallel programs for various types of parallel computers. Various programming models according to both machine type and application area. Cost models, debugging, and performance evaluation of parallel programs with actual application examples. Same as CSE 402 and ECE 492. 3 undergraduate hours. 3 or 4 graduate hours. Prerequisite: CS 225.",3 OR 4 hours.,"Kanakagiri, R;Padua, D;Snir, M"
CS,421,Programming Languages &amp; Compilers,"Structure of programming languages and their implementation. Basic language design principles; abstract data types; functional languages; type systems; object-oriented languages. Basics of lexing, parsing, syntax-directed translation, semantic analysis, and code generation. 3 undergraduate hours. 3 or 4 graduate hours. Prerequisite: One of CS 233, CS 240 or CS 340; CS 374 or ECE 374; one of MATH 225, MATH 257, MATH 415, MATH 416, ASRM 406, BIOE 210.",3 OR 4 hours.,"Beckman, A;Beckman, M;Foster, C;Gunter, E;Misailovic, S;Parthasarathy, M"
CS,422,Programming Language Design,Exploration of major language design paradigms using imperative and functional programming as unifying themes. Tools include both practical language processor construction and theoretical models. 3 undergraduate hours. 3 or 4 graduate hours. Prerequisite: CS 421.,3 OR 4 hours.,"Gunter, E;Rosu, G"
CS,423,Operating Systems Design,"Organization and structure of modern operating systems and concurrent programming concepts. Deadlock, virtual memory, processor scheduling, and disk systems. Performance, security, and protection. Same as CSE 423. 3 undergraduate hours. 3 or 4 graduate hours. Prerequisite: One of CS 241, CS 341, or ECE 391.",3 OR 4 hours.,"Bates, A;Fagen-Ulmschneider, W;Liu, J;Xu, T;Yoo, A"
CS,424,Real-Time Systems,"Supervisory control aspects of Cyber Physical Systems (CPS): fundamentals of reliability analysis, real-time scheduling, simple feedback control, software fault tolerance architecture, wireless networking and energy saving, principles of safety critical system engineering. Student groups design and demonstrate supervisory control architecture for a robot. 3 undergraduate hours. 3 or 4 graduate hours. Prerequisite: One of CS 241, CS 341 or ECE 391.",3 OR 4 hours.,"Abdelzaher, T;Sha, L"
CS,425,Distributed Systems,"Protocols, specification techniques, global states and their determination, reliable broadcast, transactions and commitment, security, and real-time systems. Same as ECE 428. 3 or 4 undergraduate hours. 3 or 4 graduate hours. Prerequisite: Credit or concurrent enrollment in one of CS 240, CS 241, CS 340, CS 341 or ECE 391.",3 OR 4 hours.,"Bailey, M;Bhatt, M;Borisov, N;Gupta, I;Mehar, J;Mittal, R;Vaidya, N;Wang, H"
CS,426,Compiler Construction,"Compiler structure, syntax analysis, syntax-directed translation, automatically constructed recognizers, semantic analysis, code generation, intermediate language, optimization techniques. 3 undergraduate hours. 3 or 4 graduate hours. Prerequisite: Credit or concurrent enrollment in CS 421.",3 OR 4 hours.,"Adve, V;Evans, G;Padua, D;Rauchwerger, L"
CS,427,Software Engineering I,"Software process, analysis and design. Software development paradigms, system engineering, function-based analysis and design, and object-oriented analysis and design. Course will use team-projects for hands-on exercises. Same as CSE 426. 3 undergraduate hours. 3 or 4 graduate hours. Prerequisite: One of CS 222, CS 240, CS 241, CS 340, CS 341 or ECE 391.",3 OR 4 hours.,"Jabbarvand Behrouz, R;Rosu, G;Xie, T;Zhang, L"
CS,428,Software Engineering II,"Continuation of CS 427. Software development, management, and maintenance. Project and configuration management, collaborative development models, software quality assurance, interoperability domain engineering and software reuse, and software re-engineering. Same as CSE 429. 3 undergraduate hours. 3 or 4 graduate hours. Prerequisite: CS 427.",3 OR 4 hours.,"Dave, M;Marinov, D;Xie, T"
CS,429,"Software Engineering II, ACP",Continuation of CS 427. Identical to CS 428 except for the additional writing component. See CS 428. 3 undergraduate hours. 3 graduate hours. Prerequisite: CS 427.,3 hours.,"Marinov, D;Xie, T"
CS,431,Embedded Systems,"A survey of sampled data systems and embedded architecture; key concepts in common embedded system applications; signal processing and control; embedded microprocessor and device interface; time-critical I/O handling; data communications; real-time operating systems and techniques for the development and analysis of embedded real-time software; hands-on laboratory projects. 3 undergraduate hours. 3 or 4 graduate hours. Prerequisite: One of CS 241, CS 341 or ECE 391. Students must register for one lab and one lecture section.",3 or 4 hours.,"Caccamo, M;Fauza, R;Sha, L"
CS,433,Computer System Organization,"Computer hardware design and analysis and interface with software. Advanced processor design, including superscalar, out-of-order issue, branch prediction, and speculation. Memory hierarchy design, including advanced cache optimizations, main memory, and virtual memory. Principles of multiprocessor design, including shared-memory, cache coherence, synchronization, and consistency. Other advanced topics depending on time; e.g., GPUs and accelerators, warehouse computers and data centers, security. Same as CSE 422. 3 undergraduate hours. 4 graduate hours. Prerequisite: CS 233.",3 OR 4 hours.,"Adve, S;Bohloolizamani, A;Fletcher, C;Franques Garcia, A;Hassan N Mahmoud, A;Huzaifa, M;Torrellas, J"
CS,434,Mobile Computing &amp; Application,Same as ECE 434. See ECE 434.,3 OR 4 hours.,"Roy Choudhury, R"
CS,435,Cloud Networking,"Provides a foundational view of computer networks with a focus on enabling modern large-scale cloud computing. The first part of this course studies the principles upon which the Internet and other networks are built, and how those principles translate into deployed protocols. The second part covers how those principles are applied in network infrastructure for modern clouds, enabling deployment of virtual networks on shared infrastructure, efficient transfer of big data and low latency communication, and federation of applications across countries and continents. 3 undergraduate hours. 4 graduate hours. Credit is not given for both CS 435 and CS 438/ECE 438. Prerequisite: One of CS 240, CS 241, CS 340, CS 341 or ECE 391.",3 OR 4 hours.,"Godfrey, P"
CS,437,Topics in Internet of Things,"Topics of networked embedded computing technology, known as the Internet of Things, in application, distributed, human-centric, or social contexts. The tight coupling between people, networking protocols, computing elements, and physical things in IoT systems presents unique challenges for data collection, processing in constrained computation and communication environments. Introduces general principles of IoT systems and protocol, offers broad foundations for IoT services, and allows specialization to pursue an in-depth understanding of selected IoT aspects or subtopics. 3 undergraduate hours. 4 graduate hours. May be repeated if topics vary. Credit towards a degree from multiple offerings of this course is not given if those offerings have significant overlap, as determined by the CS department. Prerequisite: CS 241 or CS 341. Additional prerequisites may be specified each term. See section information.",3 OR 4 hours.,"Caesar, M"
CS,438,Communication Networks,"Layered architectures and the OSI Reference Model; design issues and protocols in the transport, network, and data link layers; architectures and control algorithms of local-area, point-to-point, and satellite networks; standards in networks access protocols; models of network interconnection; overview of networking and communication software. Same as ECE 438. 3 undergraduate hours. 3 or 4 graduate hours. Prerequisite: One of CS 241, CS 341 or ECE 391; strongly recommend one of CS 361, STAT 361, ECE 313, MATH 362, MATH 461, MATH 463 or STAT 400.",3 OR 4 hours.,"Al-Hassanieh, H;Borisov, N;Kravets, R;Roy Choudhury, R;Vasisht, D;Zhang, A"
CS,439,Wireless Networks,Same as ECE 439. See ECE 439.,3 OR 4 hours.,"Al-Hassanieh, H;Kravets, R;Roy Choudhury, R"
CS,440,Artificial Intelligence,"Major topics in and directions of research in artificial intelligence: basic problem solving techniques, knowledge representation and computer inference, machine learning, natural language understanding, computer vision, robotics, and societal impacts. Same as ECE 448. 3 undergraduate hours. 3 or 4 graduate hours. Prerequisite: CS 225; one of CS 361, STAT 361, ECE 313, MATH 362, MATH 461, MATH 463, STAT 400 or BIOE 310.",3 OR 4 hours.,"Adhikari, A;DeJong, G;Fleck, M;Gupta, A;Hasegawa-Johnson, M;Hockenmaier, J;Lazebnik, S"
CS,441,Applied Machine Learning,"Techniques of machine learning to various signal problems: regression, including linear regression, multiple regression, regression forest and nearest neighbors regression; classification with various methods, including logistic regression, support vector machines, nearest neighbors, simple boosting and decision forests; clustering with various methods, including basic agglomerative clustering and k-means; resampling methods, including cross-validation and the bootstrap; model selection methods, including AIC, stepwise selection and the lasso; hidden Markov models; model estimation in the presence of missing variables; and neural networks, including deep networks. The course will focus on tool-oriented and problem-oriented exposition. Application areas include computer vision, natural language, interpreting accelerometer data, and understanding audio data. 3 undergraduate hours. 3 or 4 graduate hours. Prerequisite: CS 225 and CS 361.",3 OR 4 hours.,"Hoiem, D;Morales Aguirre, M;Robles Granda, P;Viswanathan, M"
CS,442,Trustworthy Machine Learning,"Prepares students to understand the security and privacy problems in machine learning and educates students to propose different attack strategies to identify the vulnerabilities of a range of learning algorithms and understand different defense approaches towards trustworthy machine learning systems. Students will explore topics including basic machine learning foundations (e.g., linear regression and PCA), adversarial attacks against different learning algorithms, differential privacy, data valuation, and different categories of defenses. The lessons are reinforced via a series of topic-driven lectures, coding assignments, related paper readings, exams and in-class discussions. Students will learn to analyze current interactions between attackers and defenders on machine learning and therefore develop an understanding of the principles on trustworthy machine learning which is an emerging and important topic. Students will be required to finish three related homework projects, including 1) developing a machine learning classifier, 2) designing adversarial attacks against the built classifier, and 3) developing defenses to improve the robustness of the trained classifier against designed attacks. Students registered for 4 credit hours will also finish a final project based on the class topics, demonstrating their ability to propose related new algorithms based on the class subjects. 3 undergraduate hours. 4 graduate hours. Prerequisite: CS 225; one of CS 440, ECE 448, CS 441, CS 446 or ECE 449; one of MATH 225, MATH 257, MATH 415, MATH 416, ASRM 406 or BIOE 210.",3 OR 4 hours.,"Li, B;Zhao, H"
CS,443,Reinforcement Learning,"Fundamental concepts and basic algorithms in Reinforcement Learning (RL) - a machine learning paradigm for sequential decision-making. The goal of this course is to enable students to (1) understand the mathematical framework of RL, (2) tell what problems can be solved with RL, and how to cast these problems into the RL formulation, (3) understand why and how RL algorithms are designed to work, and (4) know how to experimentally and mathematically evaluate the effectiveness of an RL algorithm. There will be both programming and written assignments. 3 undergraduate hours. 4 graduate hours. Prerequisite: CS 225; MATH 241; one of MATH 225, MATH 257, MATH 415, MATH 416, ASRM 406 or BIOE 210; one of CS 361, STAT 361, ECE 313, MATH 362, MATH 461, MATH 463 or STAT 400.",3 OR 4 hours.,"Jiang, N"
CS,444,Deep Learning for Computer Vision,"Provides an elementary hands-on introduction to neural networks and deep learning with an emphasis on computer vision applications. Topics include: linear classifiers; multi-layer neural networks; back-propagation and stochastic gradient descent; convolutional neural networks and their applications to object detection and dense image labeling; recurrent neural networks and state-of-the-art sequence models like transformers; generative adversarial networks and variational autoencoders for image generation; and deep reinforcement learning. Coursework will consist of programming assignments in a common deep learning framework. Those registered for 4 credit hours will have to complete a project. 3 undergraduate hours. 4 graduate hours. Prerequisite: MATH 241; one of MATH 225, MATH 257, MATH 415, MATH 416, ASRM 406, or BIOE 210; CS 225 or equivalent; one of CS 361, ECE 313, MATH 461 or STAT 400. No previous exposure to machine learning is required.",3 OR 4 hours.,"Lazebnik, S"
CS,445,Computational Photography,"Computer vision techniques to enhance, manipulate, and create media from photo collections, such as panoramic stitching, face morphing, texture synthesis, blending, and 3D reconstruction. 3 undergraduate hours. 3 or 4 graduate hours. Prerequisite: CS 225, MATH 225, and MATH 231.",3 OR 4 hours.,"Hoiem, D;Wang, Y"
CS,446,Machine Learning,"Principles and applications of machine learning. Main paradigms and techniques, including discriminative and generative methods, reinforcement learning: linear regression, logistic regression, support vector machines, deep nets, structured methods, dimensionality reduction, k-means, Gaussian mixtures, expectation maximization, Markov decision processes, and Q-learning. Application areas such as natural language and text understanding, speech recognition, computer vision, data mining, and adaptive computer systems, among others. Same as ECE 449. 3 undergraduate hours. 3 or 4 graduate hours. Prerequisite: CS 225; One of MATH 225, MATH 257, MATH 415, MATH 416, ASRM 406 or BIOE 210; One of CS 361, ECE 313, MATH 461 or STAT 400.",3 OR 4 hours.,"Gui, L;Koyejo, O;Mangipudi, B;Roth, D;Schwing, A;Telgarsky, M;Wang, S;Zhao, Z"
CS,447,Natural Language Processing,"Part-of-speech tagging, parsing, semantic analysis and machine translation. Relevant linguistics concepts from morphology (word formation) and lexical semantics (the meaning of words) to syntax (sentence structure) and compositional semantics (the meaning of sentences). 3 undergraduate hours. 3 or 4 graduate hours. Credit is not given for both CS 447 and LING 406. Prerequisite: CS 374.",3 OR 4 hours.,"Hockenmaier, J"
CS,448,Audio Computing Laboratory,"Computational foundations of modern audio applications: theory of audio processing for implementation of applications such as room and 3D/virtual audio rendering, pitch manipulations and autotuning, denoising for communications and forensics, audio classification, music information retrieval based on audio, rudimentary speech recognition, speech and audio coding, applications of machine learning to audio scene recognition, audio restoration, missing data recovery, and many more. This will be a lab-like course in which students collectively implement a variety of core audio operations that are commonplace today. Students will be required to bring to class their laptops and headphones to participate in lab exercises. 3 undergraduate hours. 3 or 4 graduate hours. Prerequisite: One of CS 241, CS 341, or ECE 391; one of MATH 225, MATH 257, MATH 415, MATH 416, ASRM 406, or BIOE 210.",3 OR 4 hours.,"Smaragdis, P"
CS,450,Numerical Analysis,"Linear system solvers, optimization techniques, interpolation and approximation of functions, solving systems of nonlinear equations, eigenvalue problems, least squares, and quadrature; numerical handling of ordinary and partial differential equations. Same as CSE 401, ECE 491, and MATH 450. 3 undergraduate hours. 3 or 4 graduate hours. Credit is not given toward graduation for both CS 450 and CS 457. Prerequisite: One of CS 101, CS 124 or CS 125; one of CS 357, MATH 257, MATH 357, MATH 415, or MATH 416; MATH 285.",3 OR 4 hours.,"Fischer, P;Heath, M;Kloeckner, A;Olson, L;Shaffer, E;Solomonik, E"
CS,461,Computer Security I,"Fundamental principles of computer and communications security and information assurance: ethics, privacy, notions of threat, vulnerabilities, and risk in systems, information warfare, malicious software, data secrecy and integrity issues, network security, trusted computing, mandatory and discretionary access controls, certification and accreditation of systems against security standards. Security mechanisms: authentication, auditing, intrusion detection, access control, cryptography, security protocols, key distribution. Same as ECE 422. 4 undergraduate hours. 4 graduate hours. Prerequisite: One of CS 241, CS 341, or ECE 391.",4 hours.,"Bailey, M;Bates, A;Borisov, N;Cunningham, R;Levchenko, K;Ma, Z;Miller, A;Murley, P;Ren, L;Reynolds, J"
CS,463,Computer Security II,"Program security, trusted base, privacy, anonymity, non-interference, information flow, confinement, advanced auditing, forensics, intrusion detection, key management and distribution, policy composition and analysis, formal approaches to specification and verification of secure systems and protocols, and topics in applied cryptography. Same as ECE 424. 3 undergraduate hours. 3 or 4 graduate hours. Prerequisite: CS 461. Recommended: CS 475.",3 OR 4 hours.,"Gunter, C;Wang, G"
CS,464,Topics in Societal and Ethical Impacts of Computer Technology,"Topics selected from key current areas of impact of computer technology on aspects of society and ethics such as: freedom versus the rule of law in cyberspace; social discourse; privacy; livelihoods and automation; fairness; security; political change; business models; technology divide. 3 undergraduate hours. No graduate credit. May be repeated if topics vary. Credit is not given towards a degree from multiple offerings of this course, if those offerings have significant overlap, as determined by the CS department. Prerequisite: CS 225. One of CS 210 or CS 211 or ECE 316 or PHIL 316. One of CS 361 or STAT 400 or STAT 200. Restricted to students with senior standing.",3 hours.,"Cobb, C;Gunter, C"
CS,465,User Interface Design,"A project-focused course covering fundamental principles of user interface design, implementation, and evaluation. Small teams work on a term-long project that involves: analysis of the problem domain, user skills, and tasks; iterative prototyping of interfaces to address user needs; conducting several forms of evaluation such as cognitive walkthroughs and usability tests; implementation of the final prototype. Non-technical majors may enroll as non-programmers who participate in all aspects of the projects with the possible exception of implementation. 4 undergraduate hours. 4 graduate hours. Prerequisite: CS 225.",4 hours.,"Bailey, B;Dey, S;Do, H;Fu, W;Hastings, E;Isenegger, K;Kirlik, A;Xiao, Z;Yen, C"
CS,466,Introduction to Bioinformatics,"Algorithmic approaches in bioinformatics: (i) biological problems that can be solved computationally (e.g., discovering genes, and interactions among different genes and proteins); (ii) algorithmic techniques with wide applicability in solving these problems (e.g., dynamic programming and probabilistic methods); (iii) practical issues in translating the basic algorithmic ideas into accurate and efficient tools that biologists may use. 3 undergraduate hours. 3 or 4 graduate hours. Prerequisite: CS 225.",3 OR 4 hours.,"El-Kebir, M;Peng, J;Sinha, S;Warnow, T"
CS,467,Social Visualization,"Visualizing social interaction in networked spaces: investigation of patterns in networked communications systems such as messaging (email, instant messaging), social networking sites and collaborative sites; social network theory and visualizations; exploration of how to move beyond existing visualization techniques; visualizing the network identity over compilations of online data. 3 undergraduate hours. 3 or 4 graduate hours. Prerequisite: CS 225.",3 OR 4 hours.,"Karahalios, K"
CS,468,Tech and Advertising Campaigns,Same as ADV 492. See ADV 492.,3 hours.,"Fisher, J;Maslowska, E;Su, L;Yao, M"
CS,469,Computational Advertising Infrastructure,"Thorough coverage of technologies including web-search, auctions, behavioral targeting, mechanisms for viral marketing, that underpin the display of advertisements on a variety of locations (e.g., ads on search engines; display ads). Students shall also learn about emerging areas in computational advertising including location-based adverting and algorithmic synthesis of personalized advertisements. Discussion around privacy will be a significant focus of the class. Same as ADV 462. 3 undergraduate hours. 3 or 4 graduate hours. Prerequisite: CS 173; CS 225; one of MATH 225, MATH 257, MATH 415, MATH 416, ASRM 406 or BIOE 210; one of CS 361, ECE 313, MATH 461, or STAT 400.",3 OR 4 hours.,"Sundaram, H"
CS,470,Social and Information Networks,"Social networks, auctions, and stock-markets appear to be very different phenomena, but they share a common foundation—the science of networks. The learning goal: to provide a broad, accessible introduction to the foundations of network science. We shall draw on ideas from mathematical sociology, and from game theory to understand strategic interaction over networks. We shall develop algorithms to identify network properties, and models for explaining network dynamics, including viral behavior. 3 undergraduate hours. 4 graduate hours. Prerequisite: CS 225; CS 173; one of CS 361, ECE 313, MATH 461, or STAT 400; one of MATH 225, MATH 257, MATH 415, MATH 416, ASRM 406, or BIOE 210.",3 OR 4 hours.,"Sundaram, H"
CS,473,Algorithms,"Design and analysis techniques, approximation algorithms, randomized algorithms and amortized analysis, and advanced topics such as network flow, linear programming, and dynamic data structures, among others. Same as CSE 414 and MATH 473. 4 undergraduate hours. 4 graduate hours. Prerequisite: CS 374 or ECE 374, and one of CS 361, STAT 361, ECE 313, MATH 362, MATH 461, MATH 463 or STAT 400.",4 hours.,"Andrews, R;Beideman, C;Chan, T;Chekuri, C;Erickson, J;Forbes, M;Har-Peled, S;Kelley, A;Mehta, R"
CS,474,Logic in Computer Science,"An introduction to mathematical logic from the perspective of computer science, emphasizing both computable aspects of logic, especially automated reasoning, as well as applications of logic to computer science in artificial intelligence, databases, formal methods, and theoretical computer science. Prepares students to use logic as a formal tool to solve problems in computer science and AI. Topics include: syntax, semantics and proofs for propositional and first order logic, the decidable logics and efficient realizations in terms of SAT/SMT solvers, decision and semi-decision procedures for first order logic and several first order logic theories, finite model theory and descriptive complexity. Additional topics include: connections between logic and machine learning, higher order logics, applications of logic to program verification, applications of logic in knowledge representation, proof complexity, modal and temporal logic, Courcelle’s theorem and its applications in parameterized complexity, logic and its role in automatic program synthesis, connections between logic and database query languages. 3 undergraduate hours. 3 or 4 graduate hours. Prerequisite: CS 173; CS 225; one of CS 374 or ECE 374.",3 OR 4 hours.,"Parthasarathy, M;Viswanathan, M"
CS,475,Formal Models of Computation,Finite automata and regular languages; pushdown automata and context-free languages; Turing machines and recursively enumerable sets; linear-bounded automata and context-sensitive languages; computability and the halting problem; undecidable problems; recursive functions; Chomsky hierarchy; computational complexity. Same as MATH 475. 3 undergraduate hours. 3 or 4 graduate hours. Prerequisite: CS 374 or ECE 374.,3 OR 4 hours.,"Cosman, B;Viswanathan, M"
CS,476,Program Verification,Formal methods for demonstrating correctness and other properties of programs. Invariant assertions; Hoare axiomatics; well-founded orderings for proving termination; structural induction; computational induction; data structures; parallel programs; overview of predicate calculus. 3 undergraduate hours. 3 or 4 graduate hours. Prerequisite: CS 225; CS 374 or MATH 414.,3 OR 4 hours.,"Meseguer, J"
CS,477,Formal Software Development Methods,"Mathematical models, languages, and methods for software specification, development, and verification. Same as ECE 478. 3 undergraduate hours. 3 or 4 graduate hours. Prerequisite: CS 225; one of CS 374, ECE 374 or MATH 414.",3 OR 4 hours.,"Gunter, E;Misailovic, S;Parthasarathy, M;Singh, G"
CS,481,Advanced Topics in Stochastic Processes &amp; Applications,Same as IE 410. See IE 410.,3 OR 4 hours.,"Jacobson, S"
CS,482,Simulation,Same as IE 413. See IE 413.,0 TO 4 hours.,"Jacobson, S"
CS,483,Applied Parallel Programming,Same as CSE 408 and ECE 408. See ECE 408.,4 hours.,"Haase, H;Hwu, W;Kindratenko, V;Lumetta, S;Patel, S"
CS,484,Parallel Programming,"Techniques for the programming of all classes of parallel computers and devices including shared memory and distributed memory multiprocessors, SIMD processors and co-processors, and special purpose devices. Key concepts in parallel programming such as reactive and transformational programming, speculation, speedup, isoefficiency, and load balancing. Synchronization primitives, libraries and languages for parallel programming such as OpenMP and MPI, performance monitoring, program tuning, analysis and programming of numerical and symbolic parallel algorithms. 3 undergraduate hours. 3 or 4 graduate hours. Prerequisite: CS 241.",3 OR 4 hours.,"Kale, L;Rauchwerger, L"
CS,491,Seminar,"Seminar on topics of current interest as announced in the Class Schedule. 0 to 4 undergraduate hours. 0 to 4 graduate hours. Approved for S/U grading only. May be repeated in the same or separate terms if topics vary to a maximum of 4 hours. Prerequisite: As specified for each topic offering, see Class Schedule or departmental course description.",0 TO 4 hours.,"Amato, N;Angrave, L;Bailey, B;Bashir, M;Beckman, A;Beckman, M;Campbell, R;Chapman, W;Davis, N;Gertner, Y;Lewis, C;Marinov, D;Shang, J;Thakore, U;Tucker, Z;Williams, T"
CS,492,Senior Project I,"First part of a project course in computer science. Students work in teams to solve typical commercial or industrial problems. Work involves planning, design, and implementation. Extensive oral and written work is required both on-campus and possibly off-campus at sponsors' locations. CS 492 must be taken as a sequence with either CS 493 or CS 494. 3 undergraduate hours. No graduate credit. Credit is not given for both CS 492 and a project course in another engineering department for the same project. Prerequisite: For Computer Science majors with senior standing.",3 hours.,"Woodley, M"
CS,493,"Senior Project II, ACP",Continuation of CS 492. Identical to CS 494 except for an additional writing component. See CS 494. 3 undergraduate hours. No graduate credit. Credit is not given for both CS 493 and a project course in another engineering department for the same project. Prerequisite: CS 492.,3 hours.,"Woodley, M"
CS,494,Senior Project II,Continuation of CS 492. 3 undergraduate hours. No graduate credit. Credit is not given for both CS 494 and a project course in another engineering department for the same project. Prerequisite: CS 492.,3 hours.,"Woodley, M"
CS,497,CS Team Project,"Student teams work with CS faculty to complete a significant project requiring advanced knowledge of CS principles. Project topics vary. 1 to 3 undergraduate hours. No graduate credit. May be repeated in the same term up to 6 hours, if topics vary; may be repeated in separate terms. Prerequisite: For majors only; junior or senior standing required.",1 TO 3 hours.,"Alawini, A;Angrave, L;Brunner, R;Forsyth, D"
CS,498,Special Topics,Subject offerings of new and developing areas of knowledge in computer science intended to augment the existing curriculum. See Class Schedule or departmental course information for topics and prerequisites. 1 to 4 undergraduate hours. 1 to 4 graduate hours. May be repeated in the same or separate terms if topics vary.,1 to 4 hours.,"Agha, G;Alawini, A;Angrave, L;Arsan, D;Bailey, B;Bambenek, J;Bashir, M;Caccamo, M;Caesar, M;Campbell, R;Chan, T;Chandrasekharan, E;Chekuri, C;Chen, B;Chowdhary, G;Cunningham, R;Davis, N;De, S;DeJong, G;Delgosha, P;Erickson, J;Fagen-Ulmschneider, W;Farivar, R;Forsyth, D;Gertner, Y;Ghose, S;Godfrey, P;Gunter, C;Han, J;Har-Peled, S;Hauser, K;Herman, G;Iyer, R;Jiang, N;Kesan, J;Khurana, D;Kirlik, A;Kravets, R;Kumar, R;Lane, H;Lavalle, S;Lazebnik, S;Li, B;Mehta, R;Miller, A;Mitra, S;Mohan, S;Morales Aguirre, M;Parthasarathy, M;Shaffer, E;Smaragdis, P;Snir, M;Sohn, M;Stodden, V;Sundaram, H;Torres, M;Vasisht, D;Viswanathan, M;Walker, T;Wang, S;Williams, T;Xie, T;Yershova, G;Zhao, H;Zilles, C"
CS,500,Current Topics in Computing Education Research,"Current research topics and theories in Computers and Education with an emphasis on learning theories such as constructivism, behaviorism, cognitivism, knowledge-in-pieces, test-potentiated learning, and transfer of learning. These theories will be applied to understanding how students learn computing topics such as programming and theoretical computing. These topics will be applied through the design of ethically responsible educational research studies. The course will culminate in students writing a research proposal or conference-style research paper based upon pilot data. 4 graduate hours. No professional credit. May be repeated if topics vary. Credit towards a degree from multiple offerings of this course is not given if those offerings have significant overlap, as determined by the CS department.",4 hours.,"Cunningham, K;Herman, G;Lewis, C"
CS,507,Topics in Cryptography,"Modern cryptography helps realize a variety of tasks: from computations on and proofs about secret data, to verifiably offloading computation to untrusted clients, to making programs unintelligible while preserving functionality, to testing untrusted quantum devices. Covers a selection of such cutting-edge topics in cryptography. We will understand how any adversary that counters the security of modern protocols can be transformed into an adversary that contradicts basic mathematical assumptions. We will understand key ideas in recent cryptography research and identify new directions and problems for the future. 4 graduate hours. No professional credit. May be repeated, up to 8 hours in a single term, to a total of 16 graduate hours, if topics vary. Credit is not given towards a degree from multiple offerings of this course if those offerings have significant overlap, as determined by the CS department. Prerequisite: Offerings in separate semesters may specify additional prerequisites each term, depending on the specific topic offered. See section information for additional details.",4 hours.,"Khurana, D"
CS,508,Manycore Parallel Algorithms,Same as ECE 508. See ECE 508.,4 hours.,"Hwu, W;Lumetta, S"
CS,510,Advanced Information Retrieval,"Advanced concepts, models, and algorithms in information retrieval and major recent developments in the field, including historical milestones in information retrieval research, evaluation methodology, vector space retrieval model, probabilistic retrieval models, learning to rank algorithms, probabilistic topic models, information retrieval systems, text analytics, and topics of research frontiers in information retrieval. 4 graduate hours. No professional credit. Prerequisite: One of CS 410, CS 412, CS 446, ECE 449 or LING 406.",4 hours.,"Zhai, C"
CS,511,Advanced Data Management,"Advanced concepts in data management and information system design and implementation, and recent developments in the field. 1) Relational roots, objects and extensibility, query languages, data indexing, query processing, transaction processing, benchmarks, and 2) semi-structured data and unstructured data, information extraction, information integration, web search and mining, and other emerging directions in the field. Prerequisite: CS 411.",4 hours.,"Chang, K;Javari, A;Park, Y"
CS,512,Data Mining Principles,"An advanced course on principles and algorithms of data mining. Data cleaning and integration; descriptive and predictive mining; mining frequent, sequential, and structured patterns; clustering, outlier analysis and fraud detection; stream data, web, text, and biomedical data mining; security and privacy in data mining; research frontiers. Prerequisite: CS 412.",4 hours.,"Han, J;Tong, H;Zhu, Q"
CS,519,Scientific Visualization,"Visualization techniques useful in analysis of engineering and scientific data. Physical models; methods of computational science; two- and three-dimensional data types; visual representation schemes for scalar, vector, and tensor data; isosurface and volume visualization methods; visual monitoring; interactive steering. Same as CSE 527. Prerequisite: CS 418.",4 hours.,"Shaffer, E"
CS,521,Advanced Topics in Programming Systems,"Advanced topics in building and verifying software systems, selected from areas of current research such as: model checking and automated verification, testing and automated test generation, program synthesis, runtime verification, machine learning and its applications in the design of verified systems, formal analysis of machine learning algorithms, principles of programming languages and type systems. 4 graduate hours. No professional credit. May be repeated if topics vary. Credit is not given towards a degree from multiple offerings of this course if those offerings have significant overlap, as determined by the CS department. Prerequisite: CS 374, CS 421. Additional prerequisites or corequisites may be specified each term. See section information.",4 hours.,"Misailovic, S;Parthasarathy, M;Singh, G"
CS,522,Programming Language Semantics,"Theory of programming languages including functional programming, meta-circular interpreters, typed, untyped and polymorphic lambda-calculi, and denotational semantics. Prerequisite: CS 422 and CS 426.",4 hours.,"Rosu, G"
CS,523,Advanced Operating Systems,"Advanced concepts in operating system design and coverage of recent research directions. Resource management for parallel and distributed systems. Interaction between operating system design and computer architectures. Process management, virtual memory, interprocess communication, context switching, parallel and distributed file system designs, persistent objects, process and data migration, load balancing, security, protection. Term projects. 4 graduate hours. No professional credit. Prerequisite: One of CS 423 or CSE 423; one of CS 425 or ECE 428; and one of CS 433 or CSE 422.",4 hours.,"Campbell, R;Eslami, H;Xu, T"
CS,524,Concurrent Progrmg Languages,"Theory of concurrency and concurrent programming languages. Formal models of concurrent computation such as process algebras, nets, and actors; high level concurrent programming languages and their operational semantics; methods for reasoning about correctness and complexity of concurrent programs. 4 graduate hours. No professional credit. Prerequisite: CS 422; one of CS 475, MATH 475 or CS 476.",4 hours.,"Agha, G;Meseguer, J"
CS,525,Advanced Distributed Systems,"Peer-to-peer systems, sensor networks, and fundamental theoretical distributed computing. Review of classical work in each area, and application of design methodologies to explore overlaps across them. Emphasis on protocol design, systems issues, and theory. Reading selections are roughly two-third classical to one-third contemporary. Students write critiques, make presentations, and create a conference paper in a systematic manner. 4 graduate hours. No professional credit. Prerequisite: One of CS 423, CSE 423, CS 425, ECE 428, CS 438 or ECE 438.",4 hours.,"Gupta, I"
CS,526,Advanced Compiler Construction,"Incremental and interactive compiling, error correction, code optimization, models of code generators. Prerequisite: CS 426.",4 hours.,"Adve, V;Mendis, C;Misailovic, S"
CS,527,Topics in Software Engineering,"Fault-tolerant software, software architecture, software patterns, multi-media software, and knowledge-based approaches to software engineering. Case studies. 4 graduate hours. No professional credit. Prerequisite: CS 428, CSE 429 or CS 429.",4 hours.,"Gyori, G;Hsieh, C;Marinov, D;Xie, T;Zhang, L"
CS,533,Parallel Computer Architecture,Theoretical aspects of parallel and pipeline computation; time and processor bounds on classes of computations; data alignment network speed and cost bounds; conflict-free access memories; overall computer system ideas. Same as CSE 522. 4 graduate hours. No professional credit. Prerequisite: CS 433 or CSE 422.,4 hours.,"Torrellas, J"
CS,534,Advanced Topics in Computer Architecture,"Current topics in computer architecture, selected from areas of current research such as: energy efficiency, processing in memory, cloud computing, 3-D architectures, security and privacy, hardware and software resiliency, cross-stack design, heterogeneous platforms, approximate computing, mobile computing, machine learning accelerators, and novel computing technologies. 4 graduate hours. No professional credit. May be repeated, if topics vary. Credit is not given towards a degree from multiple offerings of this course, if those offerings have significant overlap, as determined by the CS department. Prerequisite: CS 433 or CSE 422. Additional prerequisites or co-requisites may be specified each term. See Class Schedule information.",4 hours.,"Adve, S;Ghose, S;Torrellas, J"
CS,536,Fault-Tolerant Dig Syst Design,Same as ECE 542. See ECE 542.,4 hours.,"Iyer, R;Kalbarczyk, Z"
CS,537,Advanced Topics in Internet of Things (IoT),"Advanced topics in Internet of Things (IoT) algorithms, protocols, architectures, systems, and infrastructures, selected from areas of current research such as: IoT sensors representations and compression, streaming and caching of IoT data, IoT analytics and feature learning, IoT-edge-cloud computing infrastructures, resource optimization for multi-modal IoT systems, applications and human perception of IoT. Students will read and discuss recent research papers and conduct a semester-long research project. 4 graduate hours. No professional credit. May be repeated, if topics vary. Credit towards a degree from multiple offerings of this course is not given if those offerings have significant overlap, as determined by the CS department. Prerequisite: CS 425, CS 438. Additional prerequisites may be specified each term. See section information.",4 hours.,"Nahrstedt, K"
CS,538,Advanced Computer Networks,"Advanced concepts in computer networks, including congestion control, quality of service, naming, routing, wireless networks, Internet architecture, measurement, network security, and selected recent research directions. 4 graduate hours. No professional credit. Prerequisite: CS 438 or ECE 438.",4 hours.,"Godfrey, P"
CS,539,Distributed Algorithms,Same as ECE 526. See ECE 526.,4 hours.,"Ren, L"
CS,540,Deep Learning Theory,"A rigorous mathematical course covering foundational analyses of the approximation, optimization, and generalization properties of Deep Neural Networks. Topics include: constructive and non-constructive approximations with one hidden layer; benefits of depth; optimization in the NTK regime; maximum margin optimization outside the NTK regime; Rademacher complexity, VC dimensino, and covering number bounds for ReLU networks. Evaluation is primarily based on homeworks, with a smaller project component. The course goal is to prepare students perform their own research in the field. 4 graduate hours. No professional credit. Prerequisite: Basic linear algebra, probability, proof-writing, and statistics required. Real analysis recommended.",4 hours.,"Telgarsky, M"
CS,542,Statistical Reinforcement Learning,"Theory of reinforcement learning, with a focus on sample complexity analyses. Specific topics include MDP basics, finite-sample analyses of online (i.e., exploration) and offline (i.e., batch) RL with a tabular representation, finite-sample analyses of online and offline RL with function approximation, state abstraction theory, off-policy evaluation (importance sampling), and policy gradient. The course goal is to provide a comprehensive understanding of the statistical properties of RL under various settings (e.g., online vs offline), preparing the students for doing research in the area. 4 graduate hours. No professional credit. Prerequisite: Calculus, linear algebra, probability and statistics, and basic concepts of machine learning. Familiarity with (at least one of) the following topics is highly recommended: stochastic processes, numerical analysis, and theoretical computer science.",4 hours.,"Jiang, N"
CS,543,Computer Vision,Same as ECE 549. See ECE 549.,4 hours.,"Gupta, S;Hoiem, D;Lazebnik, S"
CS,545,Machine Learning for Signal Processing,"Fundamentals of machine learning and signal processing as they pertain to the development of machines that can understand complex real-world signals, such as speech, images, movies, music, biological and mechanical readings, etc. Hands-on examples of how to decompose, analyze, classify, detect and consolidate signals, and examine various commonplace operations such as finding faces from camera feeds, organizing personal music collections, designing speech dialog systems and understanding movie content. 4 graduate hours. No professional credit. Prerequisite: MATH 415; CS 361 or MATH 461 or STAT 400.",4 hours.,"Smaragdis, P"
CS,546,Advanced Topics in Natural Language Processing,"Advanced topics in natural language processing, ranging from general techniques such as deep learning for NLP to specific topics such as information extraction, knowledge acquisition, dialogue systems, language grounding, and natural language generation. Review of classic as well as state-of-the-art techniques and remaining challenges, and exploration of recent proposals for meeting these challenges. Intended for graduate students doing research in natural language processing. 4 graduate hours. No professional credit. May be repeated in separate terms up to 16 hours, if topics vary. Credit towards a degree from multiple offerings of this course is not given if those offerings have significant overlap, as determined by the CS department. Prerequisite: CS 447 and CS 446 or equivalent background.",4 hours.,"Hockenmaier, J;Ji, H"
CS,547,Deep Learning,Same as IE 534. See IE 534.,4 hours.,"Sirignano, J;Sowers, R"
CS,549,Seminar in Cognitive Science,"Same as PSYC 514, ANTH 514, EPSY 551, LING 570, and PHIL 514. See PSYC 514.",2 OR 4 hours.,"Hummel, J"
CS,554,Parallel Numerical Algorithms,"Numerical algorithms for parallel computers: parallel algorithms in numerical linear algebra (dense and sparse solvers for linear systems and the algebraic eigenvalue problem), numerical handling of ordinary and partial differential equations, and numerical optimization techniques. Same as CSE 512. Prerequisite: One of CS 450, CS 457, CS 555.",4 hours.,"Solomonik, E"
CS,555,Numerical Methods for PDEs,"Numerical techniques for initial and boundary value problems in partial differential equations. Finite difference and finite element discretization techniques, direct and iterative solution methods for discrete problems, and programming techniques and usage of software packages. Same as CSE 510 and MATH 552. 4 graduate hours. No professional credit. Prerequisite: CS 450, CSE 401, ECE 491, MATH 450 or CS 457.",4 hours.,"Fischer, P;Kloeckner, A;Olson, L"
CS,556,Iterative &amp; Multigrid Methods,"Comprehensive treatment of algebraic and multigrid iterative methods to solve systems of equations, primarily linear equations arising from discretization of partial differential equations. Same as CSE 511.",4 hours.,"Fischer, P;Olson, L"
CS,562,"Advanced Topics in Security, Privacy, and Machine Learning","Advanced topics in security and privacy problems in machine learning systems, selected from areas of current research such as: adversarial machine learning, differential privacy, game theory enabled defenses, robust learning methods, machine learning based cybercrime analysis, network intrusion detection, and malware analysis, and machine learning interpretation techniques. 4 graduate hours. No professional credit. May be repeated if topics vary. Credit is not given towards a degree from multiple offerings of this course if those offerings have significant overlap, as determined by the CS department. Prerequisite: CS 446 and CS 463 or equivalent courses, by consent of instructor. Additional prerequisites or corequisites may be specified each term. See section information.",4 hours.,"Li, B"
CS,563,Advanced Computer Security,"Current research trends in computer and network security. Privacy, tamper-resistance, unwanted traffic, monitoring and surveillance, and critical infrastructure protection. Subtopics will vary depending upon current research trends. Students work in teams in close coordination with the course instructor to develop one of the topics in depth by carrying out background research and an exploratory project. Same as ECE 524. Prerequisite: CS 461 or CS 463.",4 hours.,"Bates, A;Fletcher, C;Gunter, C;Hojjati, A;Miller, A"
CS,565,Human-Computer Interaction,"In-depth coverage of advanced topics in human-computer interaction (HCI). Applied models of human performance and attention, design tools for creative design tasks, interruptions and peripheral displays, gestures, and bimanual input, and usability evaluation techniques. Students complete a research-oriented term project of their choosing. Prerequisite: CS 465.",4 hours.,"Bailey, B;Kirlik, A"
CS,567,Social Signals and Social Media,"Online social interactions occur in many arenas important to society and human well-being, but are mediated through algorithmic interventions that alter the users expectations in these social spaces. This class explores the presentation of self, the presentation of collectives, the presentation of news, and social dynamics in these online spaces--and how algorithmic intervention shapes them from the perspective of social signaling theory. Topics covered include: the evolution of algorithmic matchmaking (as in online resume/interviews and dating sites), why people share misinformation, the mitigation of trolling, ethics, and bias in social media systems. Upon completion of this course, students will have an up-to-date understanding of the design social media interfaces with incentive structures from social signaling theory. 4 graduate hours. No professional credit. Prerequisite: CS 465 or equivalent or permission of instructor. Prioritize PhD students, then others.",4 hours.,"Karahalios, K"
CS,568,User-Centered Machine Learning,"Introduces guidelines, processes, and systems for designing effective user experiences powered by machine learning models. Topics include design tradeoffs unique to data-driven products and services such as automation versus control, precision versus recall, and personalization versus privacy. Readings from human computer-interaction, product design, cognitive science, machine learning, computer vision, and natural language processing frame in-class design exercises. Students work in teams on a multi-week research project creating or auditing data-driven experiences. 4 graduate hours. No professional credit. Prerequisite: CS 465 or equivalent course work.",4 hours.,"Kumar, R"
CS,571,Combinatorial Mathematics,Same as MATH 580. See MATH 580.,4 hours.,"Balog, J"
CS,574,Randomized Algorithms,"Basic and advanced concepts in the design and analysis of randomized algorithms. Sampling; concentration inequalities such as Chernoff-Hoeffding bounds; probabilistic method; random walks, dimension reduction; entropy; martingales and Azuma's inequality; derandomization. Randomized algorithms for sorting and searching; graphs; geometric problems. Basics of pseudorandomness and randomized complexity classes. Prerequisite: CS 473; MATH 461 or STAT 400.",4 hours.,"Chan, T;Har-Peled, S"
CS,575,Methods of Combinatorics,Same as MATH 584. See MATH 584.,4 hours.,"Balog, J;Balogh, J"
CS,576,Topics in Automated Deduction,"Advanced topics in computer-aided methods for formal deduction, selected from areas of current research, such as: resolution theorem proving strategies, special relations, equational reasoning, unification theory, rewrite systems, mathematical induction, program derivation, hybrid inference systems, and programming with logic. May be repeated in separate terms. Prerequisite: As specified for each topic offering, see Schedule or departmental course description.",2 TO 4 hours.,"Meseguer, J"
CS,579,Computational Complexity,"Turing machines; determinism and non-determinism; time and space hierarchy theorems; speed-up and tape compression; Blum axioms; structure of complexity classes NP, P, NL, L, and PSPACE; complete problems; randomness and complexity classes RP, RL, and BPP; alternation, polynomial-time hierarchy; circuit complexity, parallel complexity, NC, and RNC; relativized computational complexity; time-space trade-offs. Same as ECE 579. Prerequisite: CS 473 or CS 475.",4 hours.,"Forbes, M;Kolla, A"
CS,580,Topics in Algorithmic Game Theory,"A theoretical CS course covering advances in algorithmic game theory. This includes study of strategic, computational, learning, dynamic, and fairness aspects of games and markets (organizations that involves rational and strategic agents). In particular, topics will include computation and complexity of equilibria, mechanism design, fair-division, dynamics in games and markets, price-of-anarchy etc.. These topics arise from applications such as online marketplaces (like Lyft, Uber, eBay, sponsored search, TaskRabbit), social networks, recommendation systems, kidney exchange, spectrum auction, etc., and thereby will prepare students for related research and/or industry jobs. 4 graduate hours. No professional credit. Prerequisite: CS 473.",4 hours.,"Mehta, R"
CS,581,Algorithmic Genomic Biology,"The purpose of the course is to give each student enough background and training in the area of algorithmic genomic biology so that each will be able to do research in this area, and publish papers. The main focus of the course is phylogeny (evolutionary tree) estimation, multiple sequence alignment, and genome-scale phylogenetics, which are problems that present very interesting challenges from a computational and statistical standpoint. Time permitting, we will also discuss computational problems in microbiome analysis, protein function and structure prediction, genome assembly, and even historical linguistics. Students will learn the mathematical and computational foundations in these areas, read the current literature, and do a team research project. The course is designed for doctoral students in computer science, computer engineering, bioengineering, mathematics, and statistics, and does not depend on any prior background in biology. The technical material will depend on discrete algorithms, graph theory, simulations, and probabilistic analysis of algorithms. 4 graduate hours. No professional credit. Prerequisite: CS 374 and CS 361/STAT 361, or consent of instructor.",4 hours.,"Smirnov, V;Warnow, T"
CS,582,Machine Learning for Bioinformatics,"This graduate course on bioinformatics introduces a selection of topics in computational biology and bioinformatics, with special emphasis on current problems in regulatory genomics and systems biology. Computational approaches discussed will focus on Machine Learning techniques such as Bayesian inference, graphical models, supervised learning and network analysis. Bioinformatics topics will be introduced through lectures by instructor and research paper presentations by students, and include regulatory sequence analysis, cistromics, epigenomics, regulatory network reconstruction, non-coding variant interpretation, and protein structure and function prediction. A research project involving real data analysis with techniques related to course content is mandatory and will help prepare students for bioinformatics research. 4 graduate hours. No professional credit. Prerequisite: CS 446; Credit or concurrent enrollment in CS 466; or consent of instructor.",4 hours.,"Sinha, S"
CS,583,Approximation Algorithms,"Approximation algorithms for NP-hard problems. Basic and advanced techniques in approximation algorithm design: combinatorial algorithms; mathematical programming methods including linear and semi-definite programming, local search methods, and others. Algorithms for graphs and networks, constraint satisfaction, packing and scheduling. Prerequisite: CS 573 or consent of instructor.",4 hours.,"Chekuri, C"
CS,584,Embedded System Verification,Same as ECE 584. See ECE 584.,4 hours.,"Mitra, S"
CS,586,Combinatorial Optimization,Same as IE 519. See IE 519.,4 hours.,"Chandrasekaran, K;Chekuri, C"
CS,588,Autonomous Vehicle System Engineering,"Will introduce students to the computational principles involved in autonomous vehicles, with practical labwork on an actual vehicle. Sensing topics will include vision, lidar and sonar sensing, including state-of-the-art methods for detection, classification, and segmentation. Bayesian filtering methods will be covered in the context of both SLAM and visual tracking. Planning and control topics will cover vehicle dynamics models, state-lattice planning, sampling-based kinodynamic planning, optimal control and trajectory optimization, and some reinforcement learning. Evaluation will involve ambitious challenge projects implemented on a physical vehicle. 4 graduate hours. No professional credit. Prerequisite: CS 374, ECE 374, ECE 484, or equivalent.",4 hours.,"Forsyth, D"
CS,591,Advanced Seminar,"Seminar on topics of current interest as announced in the Class Schedule. Approved for S/U grading only. May be repeated in the same or separate terms if topics vary. Prerequisite: As specified for each topic offering, see Class Schedule or departmental course description.",0 TO 4 hours.,"Adve, V;Alagappan, R;Amato, N;Bailey, B;Beckman, A;Beckman, M;Campbell, R;Chan, A;Chekuri, C;Chen, Y;Cobb, C;Cunningham, K;El-Kebir, M;Erickson, J;Fletcher, C;Forsyth, D;Ganesan, A;Garzaran, M;Geigle, C;George, K;Gertner, Y;Ghose, S;Goodman, M;Gunter, E;Gupta, I;Heath, M;Herman, G;Hudson, M;Jabbarvand Behrouz, R;Johnson, B;Kale, L;Kalim, F;Karahalios, K;Kirlik, A;Kloeckner, A;Kravets, R;Lewis, C;Marinov, D;Massung, S;Mendis, C;Meseguer, J;Misailovic, S;Mohan, S;Olson, L;Padua, D;Rauchwerger, L;Ren, L;Sha, L;Singh, G;Viswanathan, M;Warnow, T;Williams, T;Wright, A;Xie, T;Xu, T;Zhai, C;Zhang, L;Zilles, C"
CS,597,Individual Study,Individual study or reading in a subject not covered in normal course offerings. May be repeated. Prerequisite: Consent of instructor.,2 TO 16 hours.,"Campbell, R;Singh, G"
CS,598,Special Topics,Subject offerings of new and developing areas of knowledge in computer science intended to augment the existing curriculum. See Class Schedule or departmental course information for topics and prerequisites. May be repeated in the same or separate terms if topics vary.,2 TO 4 hours.,"Abdelzaher, T;Adve, S;Adve, V;Agha, G;Alagappan, R;Banerjee, A;Bashir, M;Bates, A;Borisov, N;Caccamo, M;Campbell, R;Chacko, G;Chan, T;Chandrasekharan, E;Chang, K;Chekuri, C;Choi, D;Cobb, C;De, S;Delgosha, P;El-Kebir, M;Erickson, J;Farivar, R;Fletcher, C;Forbes, M;Forsyth, D;Ganesan, A;Geigle, C;Ghose, S;Gui, L;Gunter, C;Guo, H;Gupta, I;Gupta, S;Han, J;Har-Peled, S;Hauser, K;Heath, D;Herman, G;Hoiem, D;Jabbarvand Behrouz, R;Ji, H;Jiang, N;Kale, L;Karahalios, K;Khurana, D;Kirlik, A;Kloeckner, A;Koyejo, O;Kumar, R;Lavalle, S;Lazebnik, S;Lewis, C;Li, B;Liang, F;Marinov, D;Mehta, R;Mendis, C;Miller, A;Misailovic, S;Mittal, R;Nahrstedt, K;Olson, L;Padua, D;Parameswaran, A;Park, T;Parthasarathy, M;Peng, J;Rauchwerger, L;Ray Chaudhury, B;Ren, L;Renear, A;Ringer, T;Rosu, G;Sha, L;Singh, G;Sinha, S;Sirignano, J;Smaragdis, P;Snir, M;Solomonik, E;Soltanaghai, E;Sun, J;Sundaram, H;Telgarsky, M;Tong, H;Torrellas, J;Vasisht, D;Viswanathan, M;Wang, G;Wang, S;Wang, Y;Xu, T;Zhai, C;Zhang, L;Zhao, H;Zhu, R"
CS,599,Thesis Research,Approved for S/U grading only. May be repeated.,0 TO 16 hours.,"Amato, N"
